|Worlds Elsewhere: Journeys Around Shakespeare’s Globe|
|The Five Love Languages: How to Express Heartfelt Commitment to Your Mate|
|Reasons to Stay Alive|
|#HigherSelfie: Wake Up Your Life. Free Your Soul. Find Your Tribe.|
|Unseen City: The Majesty of Pigeons, the Discreet Charm of Snails & Other Wonders of the Urban Wilderness|
|Throwing Rocks at the Google Bus: How Growth Became the Enemy of Prosperity|
|The Life-Changing Magic of Tidying Up: The Japanese Art of Decluttering and Organizing|
|The Gutsy Girl: Escapades for Your Life of Epic Adventure|
|The Electric Pencil: Drawings from Inside State Hospital No. 3|
|Spark Joy: An Illustrated Master Class on the Art of Organizing and Tidying Up|
|Reskilling America: Learning to Labor in the Twenty-First Century|
|In the Country We Love: My Family Divided|
|Everydata: The Misinformation Hidden in the Little Data You Consume Every Day|
|Call the Nurse: True Stories of a Country Nurse on a Scottish Isle|
|Algorithms to Live By: The Computer Science of Human Decisions|
|The Power of Now: A Guide to Spiritual Enlightenment|
|The Omnivore's Dilemma: A Natural History of Four Meals|
|The Genius of Birds|
|The Artist's Way: A Spiritual Path to Higher Creativity|
|So You've Been Publicly Shamed|
|Daring Greatly: How the Courage to Be Vulnerable Transforms the Way We Live, Love, Parent, and Lead|
|Big Magic: Creative Living Beyond Fear|
|Becoming Wise: An Inquiry into the Mystery and Art of Living|
|Agnostic: A Spirited Manifesto|
|Whole Lotta Creativity Going On: 60 Fun and Unusual Exercises to Awaken and Strengthen Your Creativity|
|What's It Like in Space?: Stories from Astronauts Who've Been There|
|The Year of Magical Thinking|
|The Literature Book (Big Ideas Simply Explained)|
|The Bad-Ass Librarians of Timbuktu: And Their Race to Save the World’s Most Precious Manuscripts|
|Swell: A Year of Waves|
|No Dream Is Too High: Life Lessons From a Man Who Walked on the Moon|
|Looking for Lovely: Collecting the Moments that Matter|
|Let It Out: A Journey Through Journaling|
|Hamilton: The Revolution|
|Far & Away: Places on the Brink of Change: Seven Continents, Twenty-Five Years|
|Eaternity: More than 150 Deliciously Easy Vegan Recipes for a Long, Healthy, Satisfied, Joyful Life|
|Buying In: The Secret Dialogue Between What We Buy and Who We Are|
|Brain on Fire: My Month of Madness|
|Abstract City|
|13 Hours: The Inside Account of What Really Happened In Benghazi|
|The Lonely City: Adventures in the Art of Being Alone|
|The Diary of a Young Girl|
|Snatched: How A Drug Queen Went Undercover for the DEA and Was Kidnapped By Colombian Guerillas|
|Furiously Happy: A Funny Book About Horrible Things|
|The Sleep Revolution: Transforming Your Life, One Night at a Time|
|Mother, Can You Not?|
|A Mother's Reckoning: Living in the Aftermath of Tragedy|
|10% Happier: How I Tamed the Voice in My Head, Reduced Stress Without Losing My Edge, and Found Self-Help That Actually Works|
|Chernobyl 01:23:40: The Incredible True Story of the World's Worst Nuclear Disaster|
|Zero to One: Notes on Startups, or How to Build the Future|
|Why Not Me?|
|When Breath Becomes Air|
|The Midnight Assassin: Panic, Scandal, and the Hunt for America's First Serial Killer|
|Smarter Faster Better: The Secrets of Being Productive in Life and Business|
|Rising Strong|
|Man's Search for Meaning|
|Love That Boy: What Two Presidents, Eight Road Trips, and My Son Taught Me About a Parent's Expectations|
|Living Forward: A Proven Plan to Stop Drifting and Get the Life You Want|
|I Will Find You|
|Brazen: The Courage to Find the You That's Been Hiding|
|Between the World and Me|
|Being Mortal: Medicine and What Matters in the End|
|A Murder Over a Girl: Justice, Gender, Junior High|
|For the Love: Fighting for Grace in a World of Impossible Standards|
|Finding God in the Ruins: How God Redeems Pain|
|The Man Who Mistook His Wife for a Hat and Other Clinical Tales|
|In Cold Blood|
|Girl, Interrupted|
|Why Save the Bankers?: And Other Essays on Our Economic and Political Crisis|
|Talking to Girls About Duran Duran: One Young Man's Quest for True Love and a Cooler Haircut|
|My Mother Was Nuts|
|Data, A Love Story: How I Gamed Online Dating to Meet My Match|
|The Jazz of Physics: The Secret Link Between Music and the Structure of the Universe|
|The Gunning of America: Business and the Making of American Gun Culture|
|The Geography of Bliss: One Grump's Search for the Happiest Places in the World|
|God Is Not Great: How Religion Poisons Everything|
|We the People: The Modern-Day Figures Who Have Reshaped and Affirmed the Founding Fathers' Vision of America|
|Very Good Lives: The Fringe Benefits of Failure and the Importance of Imagination|
|Unstuffed: Decluttering Your Home, Mind, and Soul|
|Under the Banner of Heaven: A Story of Violent Faith|
|Trespassing Across America: One Man's Epic, Never-Done-Before (and Sort of Illegal) Hike Across the Heartland|
|The Name of God is Mercy|
|Stiff: The Curious Lives of Human Cadavers|
|Spilled Milk: Based on a True Story|
|Rise of the Rocket Girls: The Women Who Propelled Us, from Missiles to the Moon to Mars|
|Outliers: The Story of Success|
|Notes from a Small Island (Notes From a Small Island #1)|
|Night (The Night Trilogy #1)|
|Miracles from Heaven: A Little Girl, Her Journey to Heaven, and Her Amazing Story of Healing|
|Letter to a Christian Nation|
|Let's Pretend This Never Happened: A Mostly True Memoir|
|It's Never Too Late to Begin Again: Discovering Creativity and Meaning at Midlife and Beyond|
|Into the Wild|
|In the Garden of Beasts: Love, Terror, and an American Family in Hitler's Berlin|
|I Am Malala: The Girl Who Stood Up for Education and Was Shot by the Taliban|
Gratitude
|Disrupted: My Misadventure in the Start-Up Bubble|
|Brave Enough|
|Born to Run: A Hidden Tribe, Superathletes, and the Greatest Race the World Has Never Seen|
|Blink: The Power of Thinking Without Thinking|
