|The Torch Is Passed: A Harding Family Story|
|The Mindfulness and Acceptance Workbook for Anxiety: A Guide to Breaking Free from Anxiety, Phobias, and Worry Using Acceptance and Commitment Therapy|
|The Art Forger|
|On a Midnight Clear|
|Judo: Seven Steps to Black Belt (an Introductory Guide for Beginners)|
|Shobu Samurai, Project Aryoku (#3)|
|Modern Romance|
|The White Queen (The Cousins' War #1)|
|The Song of Achilles|
|The Immortal Life of Henrietta Lacks|
|The Dovekeepers|
|More Than Music (Chasing the Dream #1)|
|Code Name Verity (Code Name Verity #1)|
Cell
|Angels Walking (Angels Walking #1)|
|A Series of Catastrophes and Miracles: A True Story of Love, Science, and Cancer|
|A People's History of the United States|
|A Brush of Wings (Angels Walking #3)|
Rook
|The Midnight Watch: A Novel of the Titanic and the Californian|
|The Gray Rhino: How to Recognize and Act on the Obvious Dangers We Ignore|
|The Children|
|One with You (Crossfire #5)|
|Without Shame|
Watchmen
|A Hero's Curse (The Unseen Chronicles #1)|
|23 Degrees South: A Tropical Tale of Changing Whether...|
|The Glass Castle|
|The Drowning Girls|
|Team of Rivals: The Political Genius of Abraham Lincoln|
|John Adams|
|Good in Bed (Cannie Shapiro #1)|
|The Joy of Cooking|
|The Golden Compass (His Dark Materials #1)|
|The God Delusion|
|Pride and Prejudice|
|Mere Christianity|
|Fun Home: A Family Tragicomic|
|The Raven King (The Raven Cycle #4)|
|Find Her (Detective D.D. Warren #8)|
|Evicted: Poverty and Profit in the American City|
|A Game of Thrones (A Song of Ice and Fire #1)|
|A Clash of Kings (A Song of Ice and Fire #2)|
|The Tipping Point: How Little Things Can Make a Big Difference|
|The Rest Is Noise: Listening to the Twentieth Century|
|The Purpose Driven Life: What on Earth Am I Here for?|
|The Hitchhiker's Guide to the Galaxy (Hitchhiker's Guide to the Galaxy #1)|
|The Girl Who Kicked the Hornet's Nest (Millennium Trilogy #3)|
|The End of Faith: Religion, Terror, and the Future of Reason|
|The Complete Poems|
|The Catcher in the Rye|
|The Case for Christ (Cases for Christianity)|
|The Blind Side: Evolution of a Game|
|Seven Days in the Art World|
|Sarah's Key|
|Rogue Lawyer (Rogue Lawyer #1)|
|Manuscript Found in Accra|
|Fire Bound (Sea Haven/Sisters of the Heart #5)|
Cosmos
#GIRLBOSS
