|Chase Me (Paris Nights #2)|
|Black Dust|
|Her Backup Boyfriend (The Sorensen Family #1)|
|First and First (Five Boroughs #3)|
|Fifty Shades Darker (Fifty Shades #2)|
|The Wedding Dress|
|Suddenly in Love (Lake Haven #1)|
|Something More Than This|
|Doing It Over (Most Likely To #1)|
|The Wedding Pact (The O'Malleys #2)|
|Hold Your Breath (Search and Rescue #1)|
|Dirty (Dive Bar #1)|
|Take Me Home Tonight (Rock Star Romance #3)|
|Off the Hook (Fishing for Trouble #1)|
|A Gentleman's Position (Society of Gentlemen #3)|
|Sit, Stay, Love|
|A Girl's Guide to Moving On (New Beginnings #2)|
|The Perfect Play (Play by Play #1)|
|Dark Lover (Black Dagger Brotherhood #1)|
|Changing the Game (Play by Play #2)|
