|Scott Pilgrim's Precious Little Life (Scott Pilgrim #1)|
|Tsubasa: WoRLD CHRoNiCLE 2 (Tsubasa WoRLD CHRoNiCLE #2)|
|This One Summer|
|The Nameless City (The Nameless City #1)|
|Saga, Volume 5 (Saga (Collected Editions) #5)|
|Rat Queens, Vol. 3: Demons (Rat Queens (Collected Editions) #11-15)|
|Princess Jellyfish 2-in-1 Omnibus, Vol. 01 (Princess Jellyfish 2-in-1 Omnibus #1)|
|Pop Gun War, Volume 1: Gift|
Patience
|Outcast, Vol. 1: A Darkness Surrounds Him (Outcast #1)|
|orange: The Complete Collection 1 (orange: The Complete Collection #1)|
|Lumberjanes, Vol. 2: Friendship to the Max (Lumberjanes #5-8)|
|Lumberjanes, Vol. 1: Beware the Kitten Holy (Lumberjanes #1-4)|
|Lumberjanes Vol. 3: A Terrible Plan (Lumberjanes #9-12)|
|I Hate Fairyland, Vol. 1: Madly Ever After (I Hate Fairyland (Compilations) #1-5)|
|I am a Hero Omnibus Volume 1|
|Giant Days, Vol. 2 (Giant Days #5-8)|
|Danganronpa Volume 1|
|Codename Baboushka, Volume 1: The Conclave of Death|
|Camp Midnight|
|Bitch Planet, Vol. 1: Extraordinary Machine (Bitch Planet (Collected Editions))|
|The Shadow Hero (The Shadow Hero)|
|Fables, Vol. 1: Legends in Exile (Fables #1)|
|Batman: The Long Halloween (Batman)|
|Batman: The Dark Knight Returns (Batman)|
|Wonder Woman: Earth One, Volume One (Wonder Woman: Earth One #1)|
|We Are Robin, Vol. 1: The Vigilante Business (We Are Robin #1)|
|Through the Woods|
|Superman Vol. 1: Before Truth (Superman by Gene Luen Yang #1)|
|So Cute It Hurts!!, Vol. 6 (So Cute It Hurts!! #6)|
|Robin War|
|Red Hood/Arsenal, Vol. 1: Open for Business (Red Hood/Arsenal #1)|
|Naruto (3-in-1 Edition), Vol. 14: Includes Vols. 40, 41 & 42 (Naruto: Omnibus #14)|
|Lowriders to the Center of the Earth (Lowriders in Space #2)|
|El Deafo|
|Batman: Europa|
|Art Ops Vol. 1|
|Adulthood Is a Myth: A "Sarah's Scribbles" Collection|
|Fruits Basket, Vol. 9 (Fruits Basket #9)|
|Roller Girl|
|Fruits Basket, Vol. 7 (Fruits Basket #7)|
|Fruits Basket, Vol. 6 (Fruits Basket #6)|
|Death Note, Vol. 6: Give-and-Take (Death Note #6)|
|Fruits Basket, Vol. 5 (Fruits Basket #5)|
|Death Note, Vol. 5: Whiteout (Death Note #5)|
|The Demon Prince of Momochi House, Vol. 4 (The Demon Prince of Momochi House #4)|
|Fruits Basket, Vol. 4 (Fruits Basket #4)|
|The Wicked + The Divine, Vol. 3: Commercial Suicide (The Wicked + The Divine)|
|The Sandman, Vol. 3: Dream Country (The Sandman (volumes) #3)|
|Saga, Volume 3 (Saga (Collected Editions) #3)|
|Prodigy: The Graphic Novel (Legend: The Graphic Novel #2)|
|Persepolis: The Story of a Childhood (Persepolis #1-2)|
|Original Fake|
|Grayson, Vol 3: Nemesis (Grayson #3)|
|Fruits Basket, Vol. 3 (Fruits Basket #3)|
|Black Butler, Vol. 1 (Black Butler #1)|
Awkward
|The Sandman, Vol. 2: The Doll's House (The Sandman (volumes) #2)|
|Saga, Volume 2 (Saga (Collected Editions) #2)|
|Fruits Basket, Vol. 2 (Fruits Basket #2)|
